{
    "comments": {
        "lineComment": "--",
        "blockComment": [ "--[[", "]]" ]
    },
    // symbols used as brackets
    "brackets": [
        ["{", "}"],
        ["[", "]"],
        ["(", ")"]
    ],
    // symbols that are auto closed when typing
    "autoClosingPairs": [
        ["{", "}"],
        ["[", "]"],
        ["(", ")"],
        ["\"", "\""],
        ["'", "'"]
    ],
    // symbols that can be used to surround a selection
    "surroundingPairs": [
        ["{", "}"],
        ["[", "]"],
        ["(", ")"],
        ["\"", "\""],
        ["'", "'"]
    ],
    "indentationRules": {
        "increaseIndentPattern": "((\\b(else|function|then|do|repeat)\\b((?!\\b(end|until)\\b).)*)|(\\{\\s*))$",
        "decreaseIndentPattern": "^\\s*((\\b(elseif|else|end|until)\\b)|(\\})|(\\)))"
    }
}