{
  "$schema": "https://raw.githubusercontent.com/martinring/tmlanguage/master/tmlanguage.json",
  "name": "PICO-8 Lua",
  "scopeName": "source.pico8.lua",
  "patterns": [
    {
      "begin": "(#include)\\s+(.*)$",
      "beginCaptures": {
        "1": {
          "name": "keyword.control.include"
        },
        "2": {
          "name": "string.quoted.other.include_filename"
        }
      },
      "end": "$",
      "name": "meta.preprocessor.include"
    },
    {
      "begin": "\\b(?:(local)\\s+)?(function)\\s*(?:\\s+([a-zA-Z_][a-zA-Z0-9_]*(?:([\\.:])[a-zA-Z_][a-zA-Z0-9_]*)?)\\s*)?(\\()",
      "beginCaptures": {
        "1": {
          "name": "storage.modifier.local.lua"
        },
        "2": {
          "name": "keyword.control.lua"
        },
        "3": {
          "name": "entity.name.function.lua"
        },
        "4": {
          "name": "punctuation.separator.parameter.lua"
        },
        "5": {
          "name": "punctuation.definition.parameters.begin.lua"
        }
      },
      "end": "\\)",
      "endCaptures": {
        "0": {
          "name": "punctuation.definition.parameters.end.lua"
        }
      },
      "name": "meta.function.lua",
      "patterns": [
        {
          "match": "[a-zA-Z_][a-zA-Z0-9_]*",
          "name": "variable.parameter.function.lua"
        },
        {
          "match": ",",
          "name": "punctuation.separator.arguments.lua"
        }
      ]
    },
    {
      "match": "(?<![\\w\\d.])0[xX][0-9A-Fa-f]+",
      "name": "constant.numeric.integer.hexadecimal.lua"
    },
    {
      "match": "(?<![\\w\\d.])0[xX][0-9A-Fa-f]+(\\.[0-9A-Fa-f]+)?",
      "name": "constant.numeric.float.hexadecimal.lua"
    },
    {
      "match": "(?<![\\w\\d.])\\d+",
      "name": "constant.numeric.integer.lua"
    },
    {
      "match": "(?<![\\w\\d.])\\d+(\\.\\d+)?",
      "name": "constant.numeric.float.lua"
    },
    {
      "begin": "'",
      "beginCaptures": {
        "0": {
          "name": "punctuation.definition.string.begin.lua"
        }
      },
      "end": "'",
      "endCaptures": {
        "0": {
          "name": "punctuation.definition.string.end.lua"
        }
      },
      "name": "string.quoted.single.lua",
      "patterns": [
        {
          "include": "#escaped_char"
        }
      ]
    },
    {
      "begin": "\"",
      "beginCaptures": {
        "0": {
          "name": "punctuation.definition.string.begin.lua"
        }
      },
      "end": "\"",
      "endCaptures": {
        "0": {
          "name": "punctuation.definition.string.end.lua"
        }
      },
      "name": "string.quoted.double.lua",
      "patterns": [
        {
          "include": "#escaped_char"
        }
      ]
    },
    {
      "begin": "(?<=\\.cdef)\\s*(\\[(=*)\\[)",
      "beginCaptures": {
        "0": {
          "name": "string.quoted.other.multiline.lua"
        },
        "1": {
          "name": "punctuation.definition.string.begin.lua"
        }
      },
      "contentName": "meta.embedded.lua",
      "end": "(\\]\\2\\])",
      "endCaptures": {
        "0": {
          "name": "string.quoted.other.multiline.lua"
        },
        "1": {
          "name": "punctuation.definition.string.end.lua"
        }
      },
      "patterns": [
        {
          "include": "source.c"
        }
      ]
    },
    {
      "begin": "(?<!--)\\[(=*)\\[",
      "beginCaptures": {
        "0": {
          "name": "punctuation.definition.string.begin.lua"
        }
      },
      "end": "\\]\\1\\]",
      "endCaptures": {
        "0": {
          "name": "punctuation.definition.string.end.lua"
        }
      },
      "name": "string.quoted.other.multiline.lua"
    },
    {
      "captures": {
        "1": {
          "name": "punctuation.definition.comment.lua"
        }
      },
      "match": "\\A(#!).*$\\n?",
      "name": "comment.line.shebang.lua"
    },
    {
      "begin": "(^[ \\t]+)?(?=--)",
      "beginCaptures": {
        "1": {
          "name": "punctuation.whitespace.comment.leading.lua"
        }
      },
      "end": "(?!\\G)((?!^)[ \\t]+\\n)?",
      "endCaptures": {
        "1": {
          "name": "punctuation.whitespace.comment.trailing.lua"
        }
      },
      "patterns": [
        {
          "begin": "--\\[(=*)\\[",
          "beginCaptures": {
            "0": {
              "name": "punctuation.definition.comment.begin.lua"
            }
          },
          "end": "\\]\\1\\]",
          "endCaptures": {
            "0": {
              "name": "punctuation.definition.comment.end.lua"
            }
          },
          "name": "comment.block.lua"
        },
        {
          "begin": "--",
          "beginCaptures": {
            "0": {
              "name": "punctuation.definition.comment.lua"
            }
          },
          "end": "\\n",
          "name": "comment.line.double-dash.lua"
        },
        {
          "begin": "//",
          "beginCaptures": {
            "0": {
              "name": "punctuation.definition.comment.lua"
            }
          },
          "end": "\\n",
          "name": "comment.line.double-slash.lua"
        }
      ]
    },
    {
      "captures": {
        "1": {
          "name": "keyword.control.goto.lua"
        },
        "2": {
          "name": "constant.other.placeholder.lua"
        }
      },
      "match": "\\b(goto)\\s+([a-zA-Z_][a-zA-Z0-9_]*)"
    },
    {
      "captures": {
        "1": {
          "name": "punctuation.definition.label.begin.lua"
        },
        "2": {
          "name": "punctuation.definition.label.end.lua"
        }
      },
      "match": "(::)[a-zA-Z_][a-zA-Z0-9_]*(::)",
      "name": "constant.other.placeholder.lua"
    },
    {
      "match": "\\b(break|do|else|for|if|elseif|goto|return|then|repeat|while|until|end|function|local|in)\\b",
      "name": "keyword.control.lua"
    },
    {
      "match": "(?<![^.]\\.|:)\\b(false|nil|true|_G|_VERSION|math\\.(pi|huge))\\b|(?<![.])\\.{3}(?!\\.)",
      "name": "constant.language.lua"
    },
    {
      "match": "(?<![^.]\\.|:)\\b(self)\\b",
      "name": "variable.language.self.lua"
    },
    {
      "match": "(?<![^.]\\.|:)\\b(assert|collectgarbage|dofile|error|getfenv|getmetatable|ipairs|loadfile|loadstring|module|next|pairs|pcall|print|rawequal|rawget|rawset|require|select|setfenv|setmetatable|tonumber|tostring|type|unpack|xpcall)\\b(?=\\s*(?:[({\"']|\\[\\[))",
      "name": "support.function.lua"
    },
    {
      "match": "\\b(and|or|not)\\b",
      "name": "keyword.control.operator.lua"
    },
    {
      "match": "(?<=[^.]\\.|:)\\b([a-zA-Z_][a-zA-Z0-9_]*)",
      "name": "entity.other.attribute.lua"
    },
    {
      "match": "\\b([a-zA-Z_][a-zA-Z0-9_]*)\\b(?=\\s*(?:[({\"']|\\[\\[))",
      "name": "support.function.any-method.lua"
    },
    {
      "match": "\\b([a-zA-Z_][a-zA-Z0-9_]*)",
      "name": "variable.other.lua"
    },
    {
      "match": "\\+|-|%|#|\\*|\\/|\\^|==?|~=|<=?|>=?|(?<!\\.)\\.{2}(?!\\.)",
      "name": "keyword.operator.lua"
    }
  ],
  "repository": {
    "escaped_char": {
      "patterns": [
        {
          "match": "\\\\[abfnrtv\\\\\"'\\n01\\*#\\-\\|\\+\\^]",
          "name": "constant.character.escape.lua"
        },
        {
          "match": "\\\\x[0-9A-Fa-f][0-9A-Fa-f]",
          "name": "constant.character.escape.byte.lua"
        },
        {
          "match": "\\\\u\\{[0-9A-Fa-f]+\\}",
          "name": "constant.character.escape.unicode.lua"
        },
        {
          "match": "\\\\\\d{1,4}",
          "name": "constant.character.escape.p8scii.number"
        },
        {
          "match": "\\\\.",
          "name": "invalid.illegal.character.escape.lua"
        }
      ]
    }
  }
}