{
	"function": {
		"prefix": "function",
		"body": [
			"function $1($2)",
			"\t$3",
			"end"
		]
	},
	"while": {
		"prefix": "while",
		"body": [
			"while $1 do",
			"\t$2",
			"end"
		]
	},
	"if": {
		"prefix": "if",
		"body": [
			"if $1 then",
			"\t$2",
			"end"
		]
	},
	"for": {
		"prefix": "for",
		"body": [
			"for $1 do",
			"\t$2",
			"end"
		]
	},
	"Rectangle █": {
		"prefix": "p8-rect",
		"body": [
			"█"
		]
	},
	"Vertical rectangle ▮": {
		"prefix": "p8-rect-vertical",
		"body": [
			"▮"
		]
	},
	"Filled square ■": {
		"prefix": "p8-square-filled",
		"body": [
			"■"
		]
	},
	"Hollow square □": {
		"prefix": "p8-square-hollow",
		"body": [
			"□"
		]
	},
	"Five dot ⁙": {
		"prefix": "p8-dot5",
		"body": [
			"⁙"
		]
	},
	"Four dot ⁘": {
		"prefix": "p8-dot4",
		"body": [
			"⁘"
		]
	},
	"Pause ‖": {
		"prefix": "p8-pause",
		"body": [
			"‖"
		]
	},
	"Back ◀": {
		"prefix": "p8-back",
		"body": [
			"◀"
		]
	},
	"Forward ▶": {
		"prefix": "p8-forward",
		"body": [
			"▶"
		]
	},
	"Japanese starting quote 「": {
		"prefix": "p8-jp-start-quote",
		"body": [
			"「"
		]
	},
	"Japanese ending quote 」": {
		"prefix": "p8-jp-end-quote",
		"body": [
			"」"
		]
	},
	"Yen sign ¥": {
		"prefix": "p8-yen",
		"body": [
			"¥"
		]
	},
	"Interpunct •": {
		"prefix": "p8-interpunct",
		"body": [
			"•"
		]
	},
	"Japanese comma 、": {
		"prefix": "p8-jp-comma",
		"body": [
			"、"
		]
	},
	"Japanese full stop 。": {
		"prefix": "p8-jp-fullstop",
		"body": [
			"。"
		]
	},
	"Japanese dakuten ゛": {
		"prefix": "p8-jp-dakuten",
		"body": [
			"゛"
		]
	},
	"Japanese handakuten ゜": {
		"prefix": "p8-jp-handakuten",
		"body": [
			"゜"
		]
	},
	"Hollow circle ○": {
		"prefix": "p8-circ-hollow",
		"body": [
			"○"
		]
	},
	"Checkerboard ▒": {
		"prefix": "p8-checkerboard",
		"body": [
			"▒"
		]
	},
	"Jelpi 🐱": {
		"prefix": "p8-jelpi",
		"body": [
			"🐱"
		]
	},
	"Down key ⬇️": {
		"prefix": "p8-down",
		"body": [
			"⬇️"
		]
	},
	"Up key ⬆️": {
		"prefix": "p8-up",
		"body": [
			"⬆️"
		]
	},
	"Right key ➡️": {
		"prefix": "p8-right",
		"body": [
			"➡️"
		]
	},
	"Left key ⬅️": {
		"prefix": "p8-left",
		"body": [
			"⬅️"
		]
	},
	"O key 🅾️": {
		"prefix": "p8-o",
		"body": [
			"🅾️"
		]
	},
	"X key ❎": {
		"prefix": "p8-x-key",
		"body": [
			"❎"
		]
	},
	"Dot pattern ░": {
		"prefix": "p8-dot-pattern",
		"body": [
			"░"
		]
	},
	"Throwing star ✽": {
		"prefix": "p8-star-throwing",
		"body": [
			"✽"
		]
	},
	"Five-pointed star ★": {
		"prefix": "p8-star-5p",
		"body": [
			"★"
		]
	},
	"Ball ●": {
		"prefix": "p8-ball",
		"body": [
			"●"
		]
	},
	"Heart ♥": {
		"prefix": "p8-heart",
		"body": [
			"♥"
		]
	},
	"Eye ☉": {
		"prefix": "p8-eye",
		"body": [
			"☉"
		]
	},
	"Man 웃": {
		"prefix": "p8-man",
		"body": [
			"웃"
		]
	},
	"House ⌂": {
		"prefix": "p8-house",
		"body": [
			"⌂"
		]
	},
	"Face 😐": {
		"prefix": "p8-face",
		"body": [
			"😐"
		]
	},
	"Musical note ♪": {
		"prefix": "p8-note",
		"body": [
			"♪"
		]
	},
	"Diamond ◆": {
		"prefix": "p8-diamond",
		"body": [
			"◆"
		]
	},
	"Ellipsis …": {
		"prefix": "p8-ellipsis",
		"body": [
			"…"
		]
	},
	"Hourglass ⧗": {
		"prefix": "p8-hourglass",
		"body": [
			"⧗"
		]
	},
	"Birds ˇ": {
		"prefix": "p8-birds",
		"body": [
			"ˇ"
		]
	},
	"Sawtooth ∧": {
		"prefix": "p8-sawtooth",
		"body": [
			"∧"
		]
	},
	"Horiz lines ▤": {
		"prefix": "p8-horiz-lines",
		"body": [
			"▤"
		]
	},
	"Vert lines ▥": {
		"prefix": "p8-vert-lines",
		"body": [
			"▥"
		]
	},
	"Left arc ◜": {
		"prefix": "p8-left-arc",
		"body": [
			"◜"
		]
	},
	"Right arc ◝": {
		"prefix": "p8-right-arc",
		"body": [
			"◝"
		]
	}
}